DateID,ProductID,StoreID,CustomerID,QuantityOrdered,OrderAmount,DiscountAmount,ShippingCost,TotalAmount
20241031,156,57,251,4,251,13.486889972906663,34.84780529540128,202.66530473169206
20241031,825,57,506,19,661,15.440526769778693,75.39334287907437,570.1661303511469
20241031,656,57,419,17,993,112.76937959176936,96.8788610574848,783.3517593507459
20241031,604,57,640,4,546,44.376863171320615,47.43492719671219,454.1882096319672
20241031,335,57,956,11,206,13.057522458068032,11.64695109041215,181.29552645151983
20241031,346,57,614,11,400,35.830895369962896,48.164562313258216,316.0045423167789
20241031,907,57,312,6,693,54.59745245216598,39.90109322356933,598.5014543242647
20241031,754,57,400,16,370,22.353644100723788,33.736992834617496,313.9093630646587
20241031,5,57,416,3,421,51.303990823487986,36.564134571906564,333.13187460460546
20241031,588,57,454,15,470,35.15821737757343,23.864369326984843,410.97741329544175
20241031,327,57,764,10,512,68.16944449676593,66.62748380033777,377.2030717028963
20241031,620,57,972,9,319,10.59933953089647,31.021308043007092,277.37935242609643
20241031,772,57,5,3,839,95.00188842427951,58.67422701080316,685.3238845649173
20241031,275,57,526,3,565,24.849851648606894,38.75066083589378,501.39948751549935
20241031,1000,57,578,12,541,75.85151137510763,71.73938856535696,393.4091000595354
20241031,463,57,539,11,225,19.11672230383084,19.158829293787786,186.72444840238137
20241031,86,57,515,9,580,23.8226572371972,52.56877054819285,503.6085722146099
20241031,167,57,925,15,468,69.33145131474892,31.835373464477236,366.83317522077385
20241031,999,57,144,20,961,107.96250636134465,89.63628427441597,763.4012093642393
20241031,615,57,27,15,910,56.68631844338512,51.78341820498549,801.5302633516294
20241031,555,57,597,6,762,77.62467483531265,106.26545418034256,578.1098709843448
20241031,407,57,506,13,930,68.3883158586071,131.32676498612034,730.2849191552725
20241031,526,57,54,20,796,42.48489672910553,57.4515169965364,696.063586274358
20241031,566,57,678,3,822,38.9249762731849,123.21619999852176,659.8588237282934
20241031,540,57,848,10,181,14.961195121062127,12.710344037493696,153.32846084144418
20241031,910,57,145,17,648,60.8569850652612,81.87305794636187,505.2699569883769
20241031,694,57,7,5,885,72.41229525659301,50.20100032947075,762.3867044139363
20241031,753,57,337,10,425,29.221444497843834,30.695478200097707,365.0830773020584
20241031,130,57,715,6,949,43.09368993504443,83.37465282997128,822.5316572349843
20241031,863,57,24,7,336,35.387036081150995,48.16612106022217,252.44684285862684
20241031,267,57,742,16,984,63.33708801487825,89.27745005631711,831.3854619288047
20241031,434,57,577,10,990,20.57653514644002,72.60139978754646,896.8220650660135
20241031,465,57,546,11,198,16.931342254984855,26.712877682807424,154.3557800622077
20241031,560,57,740,10,192,10.891041883301149,18.58924902981473,162.51970908688412
20241031,76,57,924,3,581,33.24918528216349,62.63767118248653,485.11314353535
20241031,273,57,456,14,134,19.936933398414876,7.042193685800813,107.02087291578431
20241031,101,57,194,15,541,41.645424452785555,30.69419431427492,468.6603812329395
20241031,542,57,357,8,118,16.271194918244568,8.137726095030704,93.59107898672472
20241031,488,57,647,9,959,36.2086193884533,90.16874148299217,832.6226391285545
20241031,289,57,50,19,496,23.45792907688391,66.22246502865588,406.3196058944602
20241031,604,57,724,20,103,10.333723773452219,9.774221462068045,82.89205476447974
20241031,140,57,782,3,635,70.29065811336123,45.732942303474616,518.9763995831642
20241031,362,57,963,15,241,33.49361893725183,30.68638284189137,176.8199982208568
20241031,836,57,677,8,986,28.614702795135848,50.14799125155154,907.2373059533127
20241031,891,57,833,11,456,58.32421235377192,32.20694211641334,365.46884552981476
20241031,809,57,890,13,474,19.121648725362153,25.749600951476353,429.1287503231615
20241031,439,57,530,4,347,22.836612280361646,36.77062271950546,287.3927650001329
20241031,497,57,763,16,736,69.01255867712653,83.57761429860312,583.4098270242703
20241031,370,57,401,19,185,16.51100477977774,14.105373332049547,154.3836218881727
20241031,711,57,977,15,382,31.836096510490446,50.88403584701534,299.2798676424942
20241031,677,57,154,11,386,52.031173225837755,46.15355700386179,287.81526977030046
20241031,279,57,216,5,666,38.247096032886994,73.60849888529027,554.1444050818227
20241031,466,57,129,8,444,18.52016137891881,61.24494616827761,364.2348924528036
20241031,705,57,691,15,614,32.29538830209959,89.13202789738713,492.57258380051326
20241031,435,57,324,14,941,44.34268461050177,139.40676138890737,757.2505540005909
20241031,48,57,323,16,815,42.62099157205562,111.38802273306901,660.9909856948753
20241031,642,57,871,20,713,75.93757468174286,85.20287458391279,551.8595507343443
20241031,266,57,667,3,550,51.20841174678038,68.51220055489607,430.27938769832355
20241031,976,57,632,3,863,120.65692455283416,63.27336497424336,679.0697104729225
20241031,9,57,27,10,437,43.67392527059384,52.84985731322729,340.4762174161789
20241031,139,57,908,17,302,41.97209254134905,43.38252162270768,216.64538583594327
20241031,443,57,735,20,407,21.74876630328474,39.170631736142646,346.0806019605726
20241031,85,57,713,6,752,16.19248776297876,66.32945125481835,669.4780609822029
20241031,756,57,991,5,969,56.859949014191685,78.83055745412275,833.3094935316856
20241031,242,57,503,6,507,61.746255058797104,30.96847661772417,414.2852683234787
20241031,911,57,569,8,545,20.721762007921427,69.93792850253368,454.3403094895449
20241031,946,57,865,16,256,25.675437343830033,24.49308035846748,205.83148229770248
20241031,526,57,586,6,321,29.816450588856735,19.226854040393533,271.95669537074974
20241031,814,57,506,11,454,31.34093954533512,65.957882645731,356.7011778089339
20241031,684,57,930,12,998,144.14974534213871,125.29095898220797,728.5592956756533
20241031,865,57,133,11,316,44.78812984108589,19.61262157000762,251.5992485889065
20241031,987,57,613,15,844,116.32882398518785,106.39014667796916,621.281029336843
20241031,114,57,983,12,110,14.190088882808295,14.168056529756559,81.64185458743515
20241031,395,57,301,2,332,26.15929540785892,47.669742524721826,258.1709620674193
20241031,571,57,939,14,956,96.50447331660916,121.25741362003501,738.2381130633559
20241031,67,57,221,2,468,27.89351490930483,25.641539012762106,414.46494607793306
20241031,808,57,125,9,889,116.69163265095848,78.79579247865034,693.5125748703912
20241031,100,57,600,10,268,10.836103810010712,28.35951432220883,228.80438186778045
20241031,632,57,462,6,684,68.68660909184246,36.67407885903945,578.6393120491181
20241031,121,57,12,12,563,34.194437484217715,54.21095789333556,474.5946046224467
20241031,3,57,841,10,853,86.37352789877896,95.94217719865469,670.6842949025663
20241031,311,57,368,2,900,51.61065236170397,94.16094152321972,754.2284061150763
20241031,420,57,522,14,177,5.202379207411553,10.664069753723476,161.13355103886497
20241031,713,57,438,15,990,55.03252270858677,132.0125054676168,802.9549718237964
20241031,316,57,95,11,345,11.305777347242916,37.185958861158355,296.5082637915987
20241031,750,57,456,12,564,71.89254716176427,51.88158717969113,440.2258656585446
20241031,300,57,297,5,951,42.18639959948753,138.29122444373743,770.522375956775
20241031,500,57,118,8,580,58.90670147357583,80.90113024036133,440.19216828606284
20241031,75,57,542,4,308,6.915574162079009,34.66580959771884,266.41861624020214
20241031,313,57,69,3,779,104.34716734459708,105.03966725917023,569.6131653962327
20241031,695,57,143,5,579,65.01727477508797,30.838420537861804,483.14430468705024
20241031,64,57,26,6,161,23.799639496346888,16.64620519848212,120.554155305171
20241031,942,57,891,9,981,27.592365194447456,78.86824011542231,874.5393946901303
20241031,265,57,922,16,508,58.36398723653529,38.64850398503996,410.98750877842474
20241031,881,57,641,13,904,33.02500380601759,126.20979649447624,744.7651996995062
20241031,605,57,909,3,117,7.31756155905104,12.951169610951832,96.73126882999713
20241031,725,57,155,6,742,20.5818717919832,88.24067650187925,633.1774517061375
20241031,170,57,17,13,524,21.182861582147584,46.479252479694836,456.33788593815757
20241031,898,57,747,8,682,82.41700140320009,80.06098569699108,519.5220128998088
20241031,268,57,709,16,925,76.7483165649392,65.05884262923152,783.1928408058293
20241031,294,57,516,17,393,10.550836589868544,55.99648018205574,326.4526832280757
20241031,575,57,228,5,813,31.369028658267354,67.31938834929944,714.3115829924332
20241031,883,57,149,15,826,52.813019811450005,42.98010918827089,730.2068710002791
20241031,476,57,236,18,787,115.01701815350935,71.376932564762,600.6060492817287
20241031,104,57,959,14,725,26.91437218204721,41.28438860840257,656.8012392095502
20241031,384,57,647,5,341,7.388710389303498,22.479378057689246,311.1319115530073
20241031,800,57,291,4,430,9.132323361752334,37.736791165702975,383.1308854725447
20241031,825,57,461,15,858,59.993306950364556,61.91161130515076,736.0950817444847
20241031,435,57,220,4,972,102.70517476513662,134.95122473128458,734.3436005035787
20241031,270,57,769,6,148,13.656865505513935,14.999068730276889,119.34406576420918
20241031,329,57,552,13,397,31.849781781649213,31.683976248954696,333.4662419693961
20241031,20,57,925,14,122,11.697276371115915,12.367586362356786,97.9351372665273
20241031,716,57,95,8,827,80.80250096302147,58.84481033049534,687.3526887064831
20241031,581,57,289,11,274,41.093980741056946,38.79082378314456,194.1151954757985
20241031,589,57,642,14,315,33.71086303592672,37.16182848356219,244.1273084805111
20241031,372,57,276,14,629,18.150896265894577,62.34362807192236,548.505475662183
20241031,989,57,745,5,511,64.13910577316162,30.822786565564243,416.0381076612741
20241031,198,57,49,16,688,89.08963833061866,101.36061229959357,497.5497493697878
20241031,653,57,925,4,371,8.089719770281311,47.98427492171928,314.9260053079994
20241031,149,57,563,4,537,39.00393588307006,73.45873755316524,424.53732656376474
20241031,73,57,554,12,133,4.875685904373527,9.842679205939369,118.2816348896871
20241031,60,57,453,20,604,61.99752963777706,85.81681732905065,456.1856530331723
20241031,366,57,697,14,886,129.39685670380166,90.26434845697739,666.338794839221
20241031,513,57,751,11,952,67.70092836312155,73.79787064276616,810.5012009941123
20241031,198,57,100,17,126,10.215425255718857,6.564590877261925,109.21998386701921
20241031,755,57,135,9,479,64.93238348336989,35.09443715766466,378.97317935896547
20241031,52,57,575,10,810,48.98271565676312,76.72439464656539,684.2928896966715
20241031,455,57,543,13,528,41.96539117615749,60.82560450515861,425.2090043186839
20241031,346,57,292,11,957,66.06320230532751,142.49121402327984,748.4455836713927
20241031,969,57,840,20,625,60.36692410625153,67.30430202396342,497.32877386978504
20241031,338,57,309,20,964,69.34015581418615,131.64073247813707,763.0191117076768
20241031,31,57,188,17,897,113.32966630505435,130.28863336888674,653.381700326059
20241031,844,57,874,10,144,9.19830570100443,14.463432022568997,120.33826227642658
20241031,280,57,291,14,155,12.173358293337253,17.70672032502521,125.11992138163754
20241031,204,57,985,4,739,29.07830103581994,72.86187680969938,637.0598221544807
20241031,413,57,845,8,949,132.67762566628278,77.32324445681385,738.9991298769033
20241031,757,57,565,13,808,111.92304631641879,47.86903496055804,648.2079187230231
20241031,658,57,174,17,378,15.722874896392007,30.649117124829388,331.6280079787786
20241031,630,57,840,16,818,80.2749130268498,108.28380973946221,629.441277233688
20241031,339,57,620,10,788,34.70212860150267,116.2895909232911,637.0082804752062
20241031,705,57,348,8,409,45.332895135001095,31.466834623375284,332.2002702416236
20241031,173,57,503,19,410,33.376085677432876,56.90439633668355,319.7195179858836
20241031,806,57,689,5,886,45.28628858301323,56.09332827910111,784.6203831378857
20241031,571,57,814,17,255,26.497845610729822,31.75099905279348,196.7511553364767
20241031,433,57,348,16,885,53.06068393973167,124.8692681606909,707.0700478995775
20241031,36,57,652,20,451,42.785615770109025,23.153401946904193,385.0609822829868
20241031,250,57,455,4,227,20.129507437684232,29.89017453990228,176.98031802241348
20241031,96,57,628,2,220,29.094662364927988,29.562947704515793,161.34238993055624
20241031,106,57,58,13,820,112.06566784196751,53.77227457435727,654.1620575836753
20241031,867,57,224,2,443,65.33342789196497,47.17821110008449,330.4883610079505
20241031,727,57,837,1,851,39.68782714727565,89.83547102234661,721.4767018303778
20241031,756,57,922,19,112,12.64900501823827,10.004384465907073,89.34661051585465
20241031,116,57,291,10,260,17.50269490672019,14.606423237670562,227.89088185560925
20241031,850,57,702,8,739,83.73559254147183,85.3292616965558,569.9351457619723
20241031,64,57,145,11,376,53.371803740195354,27.179249132339546,295.4489471274651
20241031,306,57,179,8,360,39.427642221715956,32.64301517151202,287.929342606772
20241031,959,57,873,20,765,90.7492337044823,92.30620340113043,581.9445628943872
20241031,824,57,442,6,323,15.767739856350634,44.81687995539141,262.4153801882579
20241031,614,57,68,16,696,97.80371040682361,93.41458282973836,504.781706763438
20241031,854,57,484,10,957,123.47286921245453,90.38106913595362,743.1460616515918
20241031,890,57,205,6,901,60.682470584500294,56.90390145438712,783.4136279611125
20241031,227,57,615,5,608,81.55128595382654,80.77002535275356,445.6786886934199
20241031,247,57,585,17,122,3.9033882745966553,14.119349510858639,103.97726221454471
20241031,370,57,352,13,754,25.33659418649053,45.93398187181818,682.7294239416913
20241031,549,57,87,14,751,87.71111021985534,109.591929457188,553.6969603229567
20241031,844,57,215,13,577,42.95193458637486,38.34915283739681,495.69891257622834
20241031,386,57,774,15,122,4.198598169889026,15.59565755567139,102.20574427443958
20241031,268,57,691,9,373,36.98088358130434,50.98765678578957,285.0314596329061
20241031,567,57,236,1,586,35.53802697394664,47.49961132133266,502.9623617047207
20241031,86,57,572,17,937,124.30192142414428,115.15257127819946,697.5455072976563
20241031,851,57,964,19,346,35.11517609797269,41.43776218617989,269.44706171584744
20241031,853,57,307,17,343,16.21689558674092,50.35890699049778,276.42419742276127
20241031,253,57,147,8,544,47.40023059564068,30.354557638935177,466.24521176542413
20241031,515,57,303,18,539,39.734640075819094,66.25961576240763,433.00574416177324
20241031,279,57,665,1,926,25.32586499873758,84.9058476752704,815.768287325992
20241031,177,57,105,3,776,63.51834911751818,105.18817163808286,607.2934792443989
20241031,631,57,486,4,102,11.321213109491405,7.987431817669128,82.69135507283947
20241031,216,57,792,18,127,5.343748346155146,10.070307585786047,111.58594406805881
20241031,201,57,566,8,959,119.56259619186464,118.36151988546514,721.0758839226702
20241031,268,57,258,19,554,57.85586303778112,45.613814903134575,450.5303220590843
20241031,313,57,806,14,494,16.589096670663185,72.8785060111157,404.5323973182211
20241031,557,57,700,13,137,14.55527187055117,13.696243547372381,108.74848458207646
20241031,760,57,181,19,862,57.65772251876514,127.38854964253387,676.953727838701
20241031,743,57,281,18,824,115.58396943944825,49.06368995193265,659.3523406086191
20241031,869,57,687,15,413,17.853460838771696,34.2610731138996,360.8854660473287
20241031,762,57,224,9,717,30.643102507587614,58.753513762003465,627.603383730409
20241031,992,57,565,4,504,66.88318383424487,63.49858484106487,373.61823132469027
20241031,135,57,566,5,847,126.17750928331358,85.56510706993573,635.2573836467507
20241031,829,57,150,4,437,48.19277063940351,61.27297891911295,327.53425044148355
20241031,808,57,57,4,911,97.3357090258226,106.3420532981904,707.322237675987
20241031,601,57,432,14,983,89.6715137174671,104.87225227446889,788.456234008064
20241031,641,57,218,1,894,106.18385206524913,110.95639760505142,676.8597503296994
20241031,597,57,495,10,572,66.04527170885069,51.96080364838951,453.9939246427598
20241031,53,57,831,16,289,7.759851234861301,29.574170208897787,251.66597855624093
20241031,448,57,600,12,534,31.41850872668271,78.8396966689326,423.7417946043847
20241031,457,57,496,7,541,59.657457700340785,45.076894580945144,436.26564771871404
20241031,76,57,587,6,710,40.70661844900025,39.5005840876036,629.7927974633961
20241031,979,57,347,13,701,23.46972163220584,49.66736683062699,627.8629115371672
20241031,322,57,906,3,971,69.23155416283032,103.9793229187037,797.789122918466
20241031,486,57,521,17,849,19.16710692129981,59.274747196490374,770.5581458822098
20241031,520,57,893,16,465,14.972669875539054,48.45674086887943,401.5705892555815
20241031,115,57,424,3,404,39.29846611469818,60.0491860986976,304.6523477866042
20241031,932,57,846,18,237,13.032706155610262,16.10445322041592,207.86284062397382
20241031,669,57,40,17,336,38.06046699177213,38.707905331854704,259.23162767637314
20241031,591,57,434,9,431,26.529843121080898,38.37556372287018,366.0945931560489
20241031,389,57,26,17,632,76.4462513212099,47.22934719283706,508.32440148595305
20241031,29,57,116,6,547,79.459582775488,41.28154985743985,426.2588673670722
20241031,752,57,509,15,255,13.171468478574317,12.840510097456363,228.98802142396931
20241031,3,57,657,7,894,102.36225331639696,92.68196836383589,698.9557783197672
20241031,54,57,112,17,514,66.19823202201877,36.30290147761381,411.4988665003674
20241031,19,57,606,15,538,27.70873211135701,45.372716079191605,464.9185518094514
20241031,526,57,139,12,861,82.2947516988293,67.43785653335264,711.267391767818
20241031,820,57,411,8,729,48.69405406984579,47.89049336835145,632.4154525618028
20241031,905,57,568,17,521,26.356002758336025,60.16172695759344,434.4822702840705
20241031,976,57,406,10,877,89.70014357249384,82.46160545443698,704.8382509730692
20241031,148,57,721,16,484,16.272410355498245,35.13042313911179,432.59716650538996
20241031,237,57,492,11,722,46.47175966201361,69.56015409097326,605.9680862470132
20241031,425,57,824,20,506,32.54465087509148,32.40812068857521,441.0472284363333
20241031,525,57,373,13,636,76.69329998103774,44.55944034904744,514.7472596699148
20241031,95,57,951,4,991,64.1137780265368,143.6898094465303,783.1964125269329
20241031,784,57,953,10,295,42.36208453322275,33.54879425961582,219.08912120716144
20241031,615,57,568,14,719,52.84886811469399,72.16767095477616,593.9834609305299
20241031,166,57,285,14,483,10.283899785630657,71.49869584701104,401.2174043673583
20241031,721,57,661,2,150,20.771134662316154,12.264693889101665,116.96417144858218
20241031,830,57,176,10,514,27.560655242814022,31.221731262543752,455.21761349464225
20241031,562,57,776,2,858,21.29175078573307,120.84302397567565,715.8652252385913
20241031,306,57,143,6,543,79.04170899908625,56.047465432290345,407.9108255686234
20241031,776,57,341,1,777,111.78534649363979,61.73644775157824,603.478205754782
20241031,746,57,496,19,134,16.311716447144555,14.605339694703162,103.08294385815228
20241031,470,57,96,1,203,5.824042752166031,25.614173561002637,171.56178368683135
20241031,722,57,144,7,877,123.85308265723478,108.72164158789026,644.425275754875
20241031,200,57,912,12,263,7.927504402863211,19.244718377617765,235.82777721951902
20241031,378,57,516,3,181,10.469342444662201,26.722244343225253,143.80841321211255
20241031,465,57,834,18,403,56.51814194389352,29.234688965908685,317.2471690901978
20241031,808,57,499,15,568,37.09166748539759,52.211222911594554,478.69710960300785
20241031,765,57,797,6,816,117.70402669132001,60.97590101458277,637.3200722940973
20241031,552,57,155,2,273,7.910012652055781,17.18316259060185,247.90682475734238
20241031,144,57,917,8,794,35.73468521821287,65.07841669200634,693.1868980897808
20241031,858,57,2,14,177,26.36226721455056,9.080855480330904,141.55687730511852
20241031,246,57,5,10,961,53.70484461478375,83.07366677913505,824.2214886060813
20241031,503,57,877,5,621,16.859196376432127,87.184617343334,516.9561862802339
20241031,981,57,779,7,553,47.58853663347485,75.06136824063685,430.3500951258883
20241031,407,57,542,3,816,61.794885582450334,44.1582962003184,710.0468182172312
20241031,301,57,380,3,562,36.26506459339584,30.6007300444021,495.13420536220207
20241031,231,57,173,16,521,53.05629005605797,45.461730903603254,422.4819790403388
20241031,33,57,345,5,529,41.595348178978256,49.2600462800361,438.14460554098565
20241031,124,57,794,7,100,14.394606068925741,9.398492466589328,76.20690146448493
20241031,824,57,899,3,528,33.77269600588532,55.644505929768485,438.5827980643462
20241031,177,57,152,5,226,17.43874359856804,18.224690553825337,190.3365658476066
20241031,271,57,751,6,108,4.155845694908514,7.355053353429514,96.48910095166197
20241031,72,57,910,10,214,8.240203627498367,22.564691208648913,183.19510516385273
20241031,900,57,509,12,616,53.86835325918717,46.47537679028321,515.6562699505296
20241031,729,57,420,18,433,51.87495336352688,53.544351803973235,327.5806948324999
20241031,471,57,522,8,830,85.13933508868125,86.47746808117998,658.3831968301388
20241031,65,57,748,2,945,25.361282011632362,73.00585700453632,846.6328609838313
20241031,472,57,779,3,966,112.07348973511604,124.5049748234282,729.4215354414557
20241031,802,57,618,12,291,8.793735695670499,27.700467463080898,254.5057968412486
20241031,173,57,555,6,504,50.953687766696206,38.4408643600436,414.60544787326023
20241031,240,57,258,14,833,25.16453957488155,93.90072585790482,713.9347345672136
20241031,371,57,326,12,136,16.430472373372826,11.734301378996324,107.83522624763086
20241031,701,57,130,20,421,50.79722082718316,40.521227776682494,329.68155139613435
20241031,75,57,806,10,896,106.95503939397796,115.57786466587007,673.4670959401519
20241031,573,57,604,15,917,36.694686095365185,53.310516300143874,826.9947976044909
20241031,798,57,886,1,921,88.2391983657353,129.10253541627407,703.6582662179906
20241031,729,57,472,13,927,41.36833196216075,94.75322231584445,790.8784457219948
20241031,303,57,55,13,783,95.44114519521929,59.93188039231516,627.6269744124655
20241031,561,57,247,17,256,27.226022471966754,29.475466142334813,199.29851138569842
20241031,19,57,588,4,648,65.65824227157167,36.48782120711974,545.8539365213086
20241031,122,57,119,11,890,102.01075101949881,80.38710228556974,707.6021466949314
20241031,344,57,196,6,103,8.446556510874494,6.351613146848829,88.20183034227668
20241031,154,57,855,9,288,40.93955037645791,28.726933027920985,218.33351659562112
20241031,111,57,120,2,426,51.12020023892045,54.73904894317606,320.1407508179035
20241031,71,57,876,5,358,27.608858041307933,40.215030074016795,290.17611188467527
20241031,540,57,729,8,210,27.33675915311295,11.131448145372564,171.5317927015145
20241031,967,57,390,12,392,47.883592978505604,37.726429444552096,306.38997757694233
20241031,779,57,97,6,394,25.62322221803305,35.983620281134066,332.3931575008329
20241031,396,57,114,20,993,91.7365236877455,55.72437909945909,845.5390972127955
20241031,382,57,46,9,607,79.62267463977834,72.7431643455359,454.6341610146858
20241031,121,57,113,6,905,50.17636229231095,80.57271531293311,774.2509223947559
20241031,536,57,659,16,570,80.31394134662952,82.01950710093442,407.6665515524361
20241031,778,57,497,14,255,22.38157981504051,38.19663641431248,194.421783770647
20241031,759,57,576,3,772,112.42526788741878,80.96039328229045,578.6143388302908
20241031,245,57,303,1,239,33.52987478381103,21.690696711241834,183.77942850494713
20241031,34,57,101,16,745,84.21377797078894,67.35749969139815,593.4287223378129
20241031,83,57,750,16,917,63.45955038665512,108.55814174835704,744.9823078649879
20241031,907,57,861,6,674,48.96248489822223,55.607274377794056,569.4302407239837
20241031,724,57,18,19,785,97.87412741655811,115.06211013716904,572.0637624462729
20241031,673,57,352,12,526,70.86568987402987,56.976905173468275,398.15740495250185
20241031,270,57,550,4,436,35.416883533933735,41.81332873846935,358.7697877275969
20241031,308,57,149,15,374,23.858815276527327,23.491062455736913,326.65012226773575
20241031,383,57,350,12,573,61.85122695420803,40.66670667653458,470.4820663692574
20241031,532,57,863,12,329,27.168442908048203,43.04998206949408,258.78157502245773
20241031,859,57,922,16,662,78.53138618873416,39.698492854078175,543.7701209571876
20241031,57,57,468,1,811,62.90404410640644,100.2107313727936,647.8852245208
20241031,315,57,451,4,115,15.177468168697159,6.907202937947755,92.91532889335508
20241031,826,57,11,16,746,81.9768475534495,102.75989092906633,561.2632615174841
20241031,388,57,239,13,211,16.396671772650606,13.974378200043411,180.628950027306
20241031,446,57,231,19,913,21.421663905714443,78.1895625653007,813.3887735289849
20241031,646,57,431,5,469,29.383931638734204,54.91839251213058,384.6976758491352
20241031,543,57,224,14,425,26.928746614150633,47.90402784219722,350.16722554365214
20241031,716,57,236,2,633,13.531839564108624,63.705288959212716,555.7628714766787
20241031,196,57,810,2,855,54.90404717358817,57.3683414424151,742.7276113839968
20241031,834,57,279,2,746,105.7010887960682,54.891671776632286,585.4072394272995
20241031,338,57,217,18,377,38.95215994204141,30.739740412842938,307.30809964511565
20241031,222,57,239,10,364,50.25248622662367,24.103322636963174,289.64419113641316
20241031,211,57,4,3,509,47.67761785258314,43.41428477711439,417.90809737030247
20241031,239,57,514,6,524,46.65232603721836,69.57821402714546,407.7694599356362
20241031,689,57,898,3,486,37.95282868302433,31.44971261755003,416.59745869942566
20241031,19,57,825,14,500,37.53772707712417,26.26933904570444,436.1929338771714
20241031,629,57,209,17,208,15.06809568563865,11.886592298437428,181.0453120159239
20241031,372,57,368,2,390,49.16272189686042,34.76198601895743,306.07529208418214
20241031,313,57,119,8,466,23.244495643417665,47.12592225100695,395.6295821055754
20241031,855,57,19,10,938,72.86105196670704,51.56541164381435,813.5735363894786
20241031,136,57,197,17,967,77.78060010216052,110.46382755506374,778.7555723427757
20241031,969,57,325,2,444,30.858659963463936,24.68591722752171,388.45542280901435
20241031,187,57,925,18,918,119.61181651514696,115.35638117684422,683.0318023080088
20241031,969,57,943,8,858,96.43996549955716,121.03573227668889,640.5243022237539
20241031,893,57,629,4,118,15.983509503108335,16.90955326441984,85.10693723247182
20241031,4,57,321,20,924,67.14063375471433,104.04463725258556,752.8147289927001
20241031,539,57,735,8,942,116.92009841645242,129.27674114204686,695.8031604415007
20241031,282,57,372,12,832,49.97705717185083,64.3838509339073,717.6390918942419
20241031,921,57,911,19,111,3.4142304469565707,6.057621384908724,101.5281481681347
20241031,962,57,451,16,746,44.88372965414216,98.95417255072903,602.1620977951288
20241031,614,57,367,19,179,11.309883216648515,10.669071898945399,157.02104488440608
20241031,40,57,679,17,923,89.58572849301316,138.14983932021872,695.2644321867681
20241031,566,57,632,20,576,33.746784792062876,61.634430792904745,480.6187844150324
20241031,570,57,621,14,762,17.41366669946262,92.24807792656948,652.3382553739679
20241031,333,57,644,1,641,76.1106167042086,84.42510597068117,480.46427732511023
20241031,590,57,116,13,436,29.367062848710038,45.052426279518755,361.5805108717712
20241031,688,57,67,12,465,64.95211972956089,46.40444635255908,353.64343391788003
20241031,603,57,556,7,252,34.98571551726473,27.744099728210564,189.2701847545247
20241031,878,57,903,15,962,20.632315374064962,70.38358109895331,870.9841035269817
20241031,436,57,641,3,798,116.03526653134766,98.28540265091182,583.6793308177405
20241031,701,57,394,5,507,72.25988217644833,63.19215711670892,371.5479607068428
20241031,602,57,441,10,549,73.75531318716301,61.09306299565162,414.1516238171854
20241031,37,57,367,9,496,13.087463636421647,67.6474036622229,415.26513270135547
20241031,630,57,595,3,548,45.235709884616085,53.70090058314651,449.0633895322374
20241031,926,57,826,11,879,111.7139024521754,90.50883138334778,676.7772661644768
20241031,771,57,823,18,283,35.10028354652357,19.66730508491096,228.23241136856547
20241031,829,57,576,11,251,32.2406934018931,14.39182293577641,204.3674836623305
20241031,571,57,725,1,842,82.7303475329507,119.74832931005966,639.5213231569896
20241031,349,57,872,17,716,89.28874319073364,59.52841720235461,567.1828396069118
20241031,987,57,755,5,212,17.09842820237076,28.000034362904863,166.9015374347244
20241031,160,57,390,11,654,53.696388251162894,67.25299955298298,533.0506121958541
20241031,955,57,699,14,534,56.593953767702395,62.38757884130251,415.01846739099506
20241031,615,57,696,3,271,19.116684532032508,16.864104706310258,235.01921076165723
20241031,524,57,832,1,380,53.386060601301445,47.86368512991205,278.75025426878653
20241031,846,57,519,12,311,34.880950845993226,41.76084632778137,234.3582028262254
20241031,566,57,213,1,609,76.79538888650343,65.78420350701077,466.4204076064858
20241031,843,57,198,2,335,36.433938582257845,34.50229860566564,264.0637628120765
20241031,172,57,952,2,942,92.57750420955283,71.66877912480896,777.7537166656382
20241031,526,57,755,15,629,28.643801253764508,36.43948363207115,563.9167151141644
20241031,328,57,296,8,348,51.717006317153064,21.729731388151613,274.5532622946953
20241031,953,57,858,11,558,39.30876236139195,55.049709757382054,463.641527881226
20241031,55,57,382,19,861,27.624207265374952,102.85039533915135,730.5253973954736
20241031,901,57,601,4,357,34.31750525135381,18.927161218589507,303.7553335300567
20241031,946,57,586,13,732,18.51531878235622,102.5634398376217,610.9212413800221
20241031,635,57,882,12,804,78.77046824340903,106.25784282547438,618.9716889311167
20241031,350,57,599,2,563,48.0151983412836,46.988215822958345,467.9965858357581
20241031,650,57,923,17,929,38.83323887695107,80.0991564031818,810.0676047198672
20241031,747,57,737,16,465,58.901176135964306,24.00401442818726,382.09480943584845
20241031,917,57,901,3,743,67.15775149551781,50.427175722947176,625.415072781535
20241031,182,57,293,9,743,44.192780510114716,59.19489733911362,639.6123221507717
20241031,256,57,876,16,444,42.09982970768904,31.011960619804746,370.8882096725062
20241031,144,57,949,1,165,19.480149282672237,12.55464260167332,132.96520811565443
20241031,916,57,257,4,155,14.562784616273616,19.809321597130925,120.62789378659545
20241031,57,57,927,15,224,24.060945310647487,32.760609705136126,167.17844498421638
20241031,417,57,584,19,861,122.87142565116868,120.51270366637114,617.6158706824601
20241031,965,57,231,20,131,18.571239072897384,8.665167396563364,103.76359353053925
20241031,517,57,279,6,922,93.47142402012061,58.53066032610031,769.997915653779
20241031,593,57,409,7,120,13.598917911934825,12.536548490660733,93.86453359740445
20241031,890,57,799,13,368,19.805372902519455,39.188237111601126,309.0063899858794
20241031,700,57,753,9,121,10.93830665842613,17.70199011779038,92.3597032237835
20241031,64,57,613,13,767,103.83728114475328,105.60687085741479,557.555847997832
20241031,738,57,246,9,690,65.03239531834181,79.34410187668237,545.6235028049758
20241031,218,57,296,2,428,14.453612260018142,21.694492959870743,391.85189478011114
20241031,888,57,635,18,602,24.194270307100673,38.86229081767769,538.9434388752217
20241031,879,57,92,14,311,20.19369351179208,33.22286841795784,257.58343807025005
20241031,118,57,477,19,292,11.533971222747962,31.76885659145568,248.69717218579638
20241031,923,57,992,13,942,127.03543371744126,90.00439073126407,724.9601755512947
20241031,316,57,487,4,149,14.008653084159643,14.396626960512906,120.59471995532745
20241031,614,57,834,14,114,8.203703333036142,16.16149268104485,89.634803985919
20241031,166,57,755,9,670,94.88627843144612,56.080106797654345,519.0336147708995
20241031,371,57,36,16,469,17.309901015668043,23.59184507143581,428.09825391289615
20241031,73,57,849,10,586,86.12474513538825,50.12521296602097,449.7500418985908
20241031,767,57,349,8,333,32.35314523337917,30.597587601639457,270.04926716498136
20241031,600,57,849,19,741,91.45200157305689,44.214898936881134,605.333099490062
20241031,951,57,338,16,963,43.73983351174437,129.01683539243277,790.2433310958229
20241031,376,57,899,12,489,43.42788941815652,59.98323835084105,385.5888722310024
20241031,859,57,301,7,361,25.309524261263547,41.984666624648995,293.70580911408746
20241031,752,57,891,15,582,35.872112759891365,46.856602349316475,499.2712848907922
20241031,352,57,753,5,602,29.587596903938554,34.92851825023014,537.4838848458313
20241031,459,57,931,6,422,53.68718976956957,37.88508475871877,330.42772547171165
20241031,277,57,952,20,850,57.06427136841231,47.99946155651765,744.9362670750701
20241031,532,57,281,13,844,44.01409165800693,52.99041171523186,746.9954966267612
20241031,586,57,697,19,979,77.52556199517957,86.56595152574702,814.9084864790734
20241031,306,57,892,18,640,78.3390671676601,33.67902836915514,527.9819044631847
20241031,57,57,183,2,576,20.815540831431093,31.370752761426505,523.8137064071424
20241031,930,57,454,20,886,126.29704597704801,110.7583050623982,648.9446489605538
20241031,845,57,158,13,467,13.385748057383838,66.88827991244055,386.7259720301756
20241031,221,57,441,8,546,38.03354023399397,44.381769618735106,463.5846901472709
20241031,79,57,190,18,890,121.55631656629868,108.29038181529134,660.15330161841
20241031,983,57,256,11,198,3.9711185059718317,22.798635693694244,171.23024580033393
20241031,520,57,706,13,928,77.55683117623656,115.44606695704991,734.9971018667136
20241031,980,57,203,10,728,69.25367480090635,56.86523434873444,601.8810908503592
20241031,357,57,706,2,573,32.27798627576763,57.663321414008394,483.058692310224
20241031,71,57,589,7,883,128.95991831021922,132.25382984154592,621.7862518482349
20241031,863,57,578,18,562,22.999173773371282,50.12943064418704,488.87139558244166
20241031,713,57,750,10,193,12.433985921768953,10.639047665078275,169.92696641315277
20241031,676,57,39,6,416,40.01844777266893,36.98640990191002,338.99514232542106
20241031,391,57,568,2,542,34.919942569604196,56.758994297610656,450.3210631327852
20241031,437,57,685,16,567,11.61530624064892,32.33967000250546,523.0450237568456
20241031,132,57,711,17,242,13.970740276195324,14.859270546868503,213.16998917693618
20241031,34,57,219,5,215,27.22758101940931,25.9372648170495,161.83515416354118
20241031,527,57,755,16,230,22.621015309048317,27.618047572782473,179.7609371181692
20241031,836,57,397,10,761,37.445879737896426,69.93260910143022,653.6215111606733
20241031,356,57,97,7,289,25.17171213546225,22.483684765012036,241.34460309952573
20241031,273,57,458,7,864,36.17444105329351,68.0311055949095,759.794453351797
20241031,697,57,296,7,156,6.404298809284805,18.25334239771792,131.3423587929973
20241031,648,57,4,18,652,26.976271434187492,55.21856783881118,569.8051607270013
20241031,443,57,9,7,564,44.60729449321048,71.90748995227082,447.48521555451873
20241031,563,57,822,1,514,18.795780361515252,66.11504666200986,429.08917297647486
20241031,445,57,382,8,834,80.75147802468982,112.13470978511474,641.1138121901954
20241031,650,57,646,18,710,44.89140932423253,94.92069853180759,570.1878921439599
20241031,282,57,819,15,410,20.416853358884453,40.78054027640557,348.80260636470996
20241031,493,57,515,6,663,52.254204832025614,79.99696487188241,530.7488302960919
20241031,249,57,466,1,948,135.5861935718194,56.49423940307015,755.9195670251105
20241031,975,57,573,10,888,89.51265042963189,78.11294315261736,720.3744064177507
20241031,220,57,717,1,439,64.04158053392246,42.41560205531777,332.54281741075977
20241031,2,57,400,12,791,64.44509996640075,51.069750168951735,675.4851498646475
20241031,26,57,250,7,506,34.69492164753382,58.260074702939576,413.0450036495266
20241031,95,57,186,10,434,16.236824225268176,42.12072787209825,375.6424479026336
20241031,58,57,956,6,275,29.43678493335311,36.25066837547017,209.31254669117672
20241031,880,57,257,13,771,101.99711063139127,99.61192496546757,569.3909644031412
20241031,784,57,354,17,548,51.58997342022688,38.14812612012948,458.26190045964364
20241031,928,57,154,1,150,18.979573800299434,21.31547171103715,109.70495448866342
20241031,564,57,760,14,573,82.90073905539803,41.785322031031534,448.31393891357044
20241031,490,57,178,6,426,60.51022563551722,48.82243361621764,316.66734074826513
20241031,260,57,498,11,590,44.26402461170147,34.38866541365558,511.34730997464294
20241031,615,57,523,9,655,45.1475262767396,81.46229005661738,528.390183666643
20241031,123,57,442,12,679,76.68720615857798,35.55576663754042,566.7570272038815
20241031,173,57,364,16,429,29.411856867593617,39.56909309601758,360.0190500363888
20241031,623,57,811,15,566,39.079943556984915,78.08386816428715,448.83618827872795
20241031,295,57,508,2,355,49.63455023587344,21.281491146051636,284.0839586180749
20241031,947,57,726,19,118,5.3140807896455655,9.789187846020322,102.89673136433412
20241031,911,57,118,1,300,26.466082037543284,40.90749184941766,232.62642611303906
20241031,540,57,198,2,998,39.21943742603533,76.0316426799891,882.7489198939755
20241031,834,57,786,10,769,29.84665244485422,55.54044579131287,683.612901763833
20241031,162,57,135,5,886,44.084718478759335,68.533050822939,773.3822306983017
20241031,853,57,247,14,576,33.920508422998765,31.14732204071446,510.9321695362868
20241031,448,57,335,9,129,5.424333226513252,8.426738148509983,115.14892862497676
20241031,898,57,454,9,433,61.87860150433003,48.277130315807966,322.844268179862
20241031,235,57,883,2,350,50.434003204355236,52.188714766018066,247.3772820296267
20241031,839,57,591,11,642,14.172990916693498,52.294188284926186,575.5328207983803
20241031,313,57,906,2,662,63.23888543198805,53.530633306797306,545.2304812612147
20241031,571,57,977,18,708,15.988916221701588,42.62959657908316,649.3814871992153
20241031,924,57,298,5,331,7.054469418955004,23.311131906716646,300.63439867432834
20241031,990,57,432,8,735,24.210813214845718,46.55318688366973,664.2359999014845
20241031,160,57,685,7,891,46.46844626944026,87.65075804572285,756.8807956848369
20241031,711,57,803,10,939,35.374171204169606,118.9996521730578,784.6261766227726
20241031,421,57,264,10,920,107.90902170794988,129.53365652831366,682.5573217637365
20241031,957,57,866,1,642,17.519796228966936,62.22219721936227,562.2580065516707
20241031,739,57,238,20,207,18.21759347710088,20.44571244645302,168.3366940764461
20241031,75,57,56,16,550,31.476273724120006,46.73602957921891,471.7876966966611
20241031,1,57,172,4,114,12.610700533287666,12.389309489030683,88.99998997768165
20241031,462,57,87,16,880,117.00911710974201,111.86251554639563,651.1283673438624
20241031,548,57,176,18,322,22.188895192306084,26.795338189793142,273.0157666179008
20241031,591,57,634,6,232,23.763617129513985,30.993628252066365,177.24275461841967
20241031,92,57,35,2,300,20.111751092470836,33.395118055775825,246.49313085175334
20241031,558,57,225,10,563,50.34491571546544,50.823313035718996,461.8317712488156
20241031,14,57,768,11,729,19.19883914749494,46.03646365573146,663.7646971967736
20241031,999,57,222,19,378,28.656269525857773,56.605348952599904,292.73838152154235
20241031,728,57,858,19,281,13.04397946720915,22.876662166329844,245.079358366461
20241031,464,57,375,20,250,9.648943006811505,27.530620180205243,212.82043681298325
20241031,477,57,370,20,869,39.841064916499995,93.81541285802022,735.3435222254798
20241031,808,57,439,8,964,75.37345236400239,116.23678690545957,772.389760730538
20241031,686,57,293,16,345,21.236066994256213,51.7253603602353,272.03857264550845
20241031,461,57,716,11,980,20.65477231923802,129.70456787152264,829.6406598092393
20241031,734,57,217,18,711,92.14308428572011,76.66415306498523,542.1927626492947
20241031,435,57,854,8,130,17.16887675330558,19.12822098541291,93.70290226128151
20241031,279,57,504,8,718,91.36246729165511,51.822537394872796,574.8149953134721
20241031,919,57,247,14,240,31.231988163072625,16.49950208041461,192.26850975651277
20241031,372,57,65,13,583,32.160114089176986,64.5852958176382,486.2545900931848
20241031,987,57,894,3,556,47.90851100900304,46.50564441658644,461.58584457441054
20241031,335,57,482,5,616,46.42438688508744,60.83082654589937,508.7447865690132
20241031,201,57,689,10,549,72.33062697773784,37.11360889081974,439.5557641314424
20241031,957,57,501,20,361,53.621612172589224,28.078037257272346,279.30035057013845
20241031,202,57,450,2,136,6.881175674323908,7.154385313471112,121.96443901220498
20241031,461,57,81,17,584,70.40825923080037,57.70268420249324,455.88905656670636
20241031,756,57,203,1,521,64.98899673056067,51.28013583937815,404.73086743006115
20241031,423,57,96,10,523,51.217735603089125,66.44435790582614,405.3379064910847
20241031,488,57,172,6,670,21.2402001781876,69.967375759883,578.7924240619294
20241031,224,57,430,16,125,5.467966505031166,13.753632371987203,105.77840112298163
20241031,125,57,859,17,903,46.193396223958665,116.80174966880313,740.0048541072382
20241031,36,57,315,15,225,27.984831174107416,30.418349158614554,166.59681966727803
20241031,92,57,733,5,868,66.58547161379633,80.98128268408009,720.4332457021236
20241031,317,57,654,17,339,7.902668514329483,48.80425184930888,282.29307963636165
20241031,71,57,571,7,591,57.934403265391566,37.62444388120449,495.44115285340393
20241031,747,57,230,10,804,90.75344839848353,69.48319012250303,643.7633614790134
20241031,49,57,537,5,446,12.615019741352901,65.21242699664043,368.17255326200666
20241031,568,57,452,17,680,52.94871569768697,66.64448671079802,560.406797591515
20241031,515,57,984,9,432,40.51466924387397,45.90152965963665,345.58380109648937
20241031,594,57,147,12,224,27.285040402005905,26.420936532658153,170.29402306533595
20241031,723,57,585,18,914,100.27469978941815,121.45827101804244,692.2670291925394
20241031,697,57,386,1,457,31.49220594956423,27.78290582303111,397.7248882274047
20241031,344,57,723,19,918,135.36215903422976,92.92316273558751,689.7146782301827
20241031,116,57,921,12,866,67.07281931449585,103.19926447557107,695.727916209933
20241031,678,57,490,12,310,40.063526055158455,39.17818391900147,230.75829002584007
20241031,555,57,364,9,549,26.937603155543975,69.03424542396718,453.0281514204888
20241031,754,57,344,10,513,66.73046599180297,55.82198533070445,390.4475486774926
20241031,812,57,399,19,735,34.28929148798274,70.73803907510535,629.9726694369119
20241031,571,57,976,8,395,9.153424844017582,31.60189501423662,354.2446801417458
20241031,760,57,151,3,248,23.999390667604377,27.980277446171435,196.0203318862242
20241031,568,57,857,12,797,31.594214201703544,47.69334766216686,717.7124381361295
20241031,941,57,444,8,581,57.86352345261709,41.7612996989163,481.3751768484666
20241031,947,57,592,17,956,106.52619266708633,83.05536557535171,766.4184417575619
20241031,335,57,740,10,326,28.799860595500828,29.920400478614237,267.27973892588494
20241031,335,57,337,9,217,9.228464081313465,22.535686949578338,185.2358489691082
20241031,738,57,931,9,197,17.55379880886688,11.413221970899327,168.03297922023378
20241031,78,57,489,6,962,38.59213756569461,87.03609312132484,836.3717693129805
20241031,177,57,718,15,469,67.39333582830257,68.94893030712285,332.6577338645746
20241031,380,57,253,20,895,64.35497360504777,49.59887379308182,781.0461526018704
20241031,307,57,919,5,932,55.09768806391874,119.63359635234063,757.2687155837407
20241031,373,57,656,4,359,36.11933233672102,44.551863197629366,278.3288044656496
20241031,249,57,972,14,426,60.37921595251135,49.59348482812382,316.02729921936486
20241031,70,57,630,11,316,16.246653552934927,34.123364540290645,265.62998190677445
20241031,370,57,805,19,519,36.852206649756,76.76207600784493,405.38571734239906
20241031,326,57,359,3,540,54.64601078647362,60.316136217441326,425.03785299608506
20241031,978,57,358,2,948,125.95533908199859,85.49044628515504,736.5542146328464
20241031,656,57,831,13,824,52.41456263615033,87.76913883447337,683.8162985293764
20241031,391,57,204,10,336,15.746060607931705,44.62808406467752,275.62585532739075
20241031,350,57,927,19,436,57.59543012340315,62.66326724602104,315.7413026305758
20241031,310,57,791,16,692,32.85268342041984,95.0964134565201,564.05090312306
20241031,419,57,454,20,549,78.5514082199562,40.18939495396012,430.25919682608367
20241031,388,57,427,7,174,12.983234874520164,22.668334661606483,138.34843046387334
20241031,582,57,103,1,207,31.01797283235466,29.227593008054924,146.7544341595904
20241031,362,57,428,12,767,38.00504327234716,39.382128969122284,689.6128277585306
20241031,56,57,342,19,368,47.449015028391635,39.42378692501563,281.12719804659275
20241031,393,57,532,7,892,21.200974462244663,72.12094427626946,798.6780812614859
20241031,869,57,698,11,311,6.687309095701048,22.036997186844758,282.2756937174542
20241031,507,57,986,3,508,52.22670065282291,26.620739954776724,429.15255939240035
20241031,515,57,990,15,919,20.729699754558606,97.47613567110977,800.7941645743316
20241031,977,57,62,16,970,111.91753537468466,110.46567840188924,747.6167862234261
20241031,757,57,936,6,834,76.71642238139215,53.65240778052132,703.6311698380865
20241031,64,57,576,12,965,121.18920641423092,82.50925065217466,761.3015429335944
20241031,302,57,176,18,675,17.732379036245494,93.39683251122375,563.8707884525307
20241031,298,57,990,6,138,19.403435134888916,17.676926253009608,100.91963861210148
20241031,338,57,791,7,771,28.924525463379023,71.73730091809891,670.3381736185221
20241031,731,57,323,15,532,78.08801711619087,57.39436952383853,396.5176133599706
20241031,667,57,709,16,271,32.50473527992983,25.51812441951739,212.97714030055278
20241031,571,57,561,15,689,71.90574019684844,37.043274292630805,580.0509855105207
20241031,216,57,820,4,370,17.60499125765152,49.88120370524896,302.51380503709953
20241031,637,57,390,8,531,37.58610659158079,34.072780699512776,459.34111270890645
20241031,840,57,674,10,454,25.850584163863733,32.652791225619794,395.4966246105165
20241031,714,57,45,19,640,63.33807010734834,66.14273821957029,510.51919167308137
20241031,478,57,904,15,343,12.247152977637976,48.869326367813535,281.8835206545485
20241031,510,57,467,18,545,38.188080024313535,68.46064816732485,438.3512718083616
20241031,746,57,858,20,570,16.708478630772046,63.29321104281281,489.99831032641515
20241031,957,57,650,12,178,16.12274034238643,12.052277528213711,149.82498212939987
20241031,154,57,853,13,970,138.71118844930473,70.2938968152441,760.9949147354512
20241031,21,57,198,15,907,72.30231848314415,47.619506380609415,787.0781751362465
20241031,321,57,305,12,565,46.024961706015866,63.49955228287295,455.4754860111112
20241031,469,57,893,17,955,113.60695023337122,81.1658223916933,760.2272273749354
20241031,970,57,77,4,638,16.629882891176642,39.63962392631595,581.7304931825074
20241031,791,57,946,15,150,10.864856244082995,7.628976883162156,131.50616687275485
20241031,363,57,57,17,932,34.96444617117157,135.12919245447944,761.906361374349
20241031,384,57,63,7,516,31.31420046544103,61.645250718426134,423.04054881613285
20241031,530,57,252,2,447,61.69052947959849,63.86591812132941,321.44355239907213
20241031,311,57,409,2,727,62.76966292473448,66.21958055168152,598.010756523584
20241031,708,57,666,12,752,76.3368839131442,55.76400987817585,619.89910620868
20241031,96,57,1000,17,756,91.04912733706753,63.99455109403965,600.9563215688928
20241031,591,57,318,16,821,104.87629772471264,108.84678441808073,607.2769178572066
20241031,472,57,805,20,755,76.96570767486293,99.19271740058815,578.8415749245489
20241031,427,57,511,18,391,12.170660422649854,42.93560183008308,335.8937377472671
20241031,46,57,119,4,413,16.21181532389904,61.20369454592122,335.58449013017974
20241031,884,57,457,13,146,16.836892894280485,10.44694076253811,118.71616634318141
20241031,75,57,847,5,901,124.39123912775976,89.73669202467124,686.8720688475689
20241031,751,57,470,18,584,80.15729016056665,60.01134643596776,443.8313634034656
20241031,719,57,88,14,942,118.07161030833278,66.60407581538512,757.3243138762821
20241031,140,57,517,11,595,25.916145837330017,78.56992569533286,490.5139284673371
20241031,946,57,800,13,101,12.766261705671823,14.801972564541996,73.43176572978618
20241031,802,57,704,2,401,46.796502714987376,32.99818910529708,321.20530817971553
20241031,894,57,125,14,889,80.21236369150722,102.47432452103602,706.3133117874568
20241031,695,57,661,4,388,30.962887638031198,54.77695010939385,302.26016225257496
20241031,111,57,716,16,908,76.79943368376607,84.7582595224006,746.4423067938333
20241031,995,57,24,10,195,4.7849491624676554,16.636045649204558,173.57900518832778
20241031,790,57,282,5,288,38.83882526280666,28.407056915766777,220.75411782142658
20241031,425,57,734,19,287,9.176313229662972,40.51424454696988,237.30944222336714
20241031,447,57,400,2,173,6.703818521668711,19.09122199351642,147.20495948481488
20241031,314,57,518,7,273,39.663787870706145,33.38180756076779,199.95440456852606
20241031,534,57,650,2,981,114.02403593337199,73.55683513095278,793.4191289356752
20241031,318,57,754,14,682,69.8223335905035,46.91044035964813,565.2672260498484
20241031,182,57,604,16,862,62.603743945008354,113.17064292078646,686.2256131342052
20241031,535,57,226,20,189,5.446668195304814,11.97178182153796,171.58154998315723
20241031,582,57,593,2,609,85.40524368801468,59.43689278011521,464.15786353187013
20241031,278,57,920,6,427,36.16870240460518,23.420393565030103,367.4109040303647
20241031,864,57,91,17,514,59.720127436239,45.34736854313602,408.93250402062495
20241031,415,57,123,5,659,65.8389563721019,79.88626557547266,513.2747780524254
20241031,211,57,941,11,426,60.90337541155545,37.24714476949118,327.84947981895334
20241031,815,57,981,16,745,81.6523800886339,59.21605101933956,604.1315688920265
20241031,509,57,352,10,195,21.620960478591613,15.878427327220471,157.5006121941879
20241031,31,57,406,13,338,39.086890598397616,33.131278261599874,265.7818311400025
20241031,218,57,650,6,576,52.72083623741136,48.25761119440549,475.02155256818315
20241031,937,57,268,20,125,4.984027836374607,18.34175325395935,101.67421890966604
20241031,664,57,78,14,155,22.170307552544173,18.956943908175678,113.87274853928015
20241031,801,57,761,16,347,33.4614081120477,36.06188985472219,277.47670203323014
20241031,704,57,561,8,433,40.05428834277142,56.57916677327138,336.3665448839572
20241031,548,57,928,8,318,16.622596837784887,16.063710914078577,285.31369224813653
20241031,507,57,760,19,158,23.509712178981342,13.64542544848914,120.84486237252952
20241031,464,57,125,6,724,40.96399921061062,50.894673571383,632.1413272180064
20241031,380,57,919,7,804,64.74820974548706,87.911616135361,651.3401741191519
20241031,696,57,30,17,383,44.23198705917925,46.07098417923571,292.69702876158505
20241031,536,57,201,4,789,22.468630949226288,84.95070009934832,681.5806689514254
20241031,126,57,185,2,889,59.61699313616972,82.73750911302129,746.645497750809
20241031,59,57,728,5,178,19.788019392319654,24.105513487465416,134.10646712021492
20241031,260,57,555,7,941,32.59308646498764,77.9874462683234,830.419467266689
20241031,381,57,166,3,746,65.93593712085529,38.45790497814988,641.6061579009948
20241031,461,57,781,17,842,45.676045393058025,101.26442993287412,695.0595246740679
20241031,549,57,748,3,577,52.53276375956571,62.65765121360433,461.80958502682995
20241031,845,57,140,18,600,15.601759761945587,67.1510251324174,517.247215105637
20241031,443,57,786,8,312,41.45631918614518,34.59008172996639,235.95359908388843
20241031,766,57,442,19,560,59.50720241753056,68.67099645816138,431.8218011243081
20241031,901,57,755,19,395,9.279252794876694,38.153659760519105,347.5670874446042
20241031,137,57,746,13,267,39.86785936903419,25.61956273204356,201.51257789892225
20241031,144,57,36,13,760,63.69465129917764,71.5944096340483,624.710939066774
20241031,542,57,727,12,565,70.36184981202396,53.960931800439894,440.67721838753613
20241031,251,57,661,11,858,69.7177755747929,94.30808645464732,693.9741379705598
20241031,567,57,224,3,186,24.532680567272084,13.094794670985678,148.37252476174223
20241031,932,57,381,1,947,93.67588063204036,137.79993583177102,715.5241835361886
20241031,946,57,553,9,751,98.01040198401272,62.71414528281789,590.2754527331695
20241031,924,57,253,17,376,28.9166618345895,44.41454414492007,302.6687940204904
20241031,158,57,641,17,757,77.64913246989578,55.42145518767434,623.9294123424299
20241031,861,57,325,7,766,52.44267575245215,76.42928361810382,637.1280406294441
20241031,964,57,197,10,304,36.227083188930585,19.14718509322314,248.6257317178463
20241031,828,57,633,18,837,95.46998381132951,108.05313953027358,633.4768766583969
20241031,305,57,12,16,922,125.44600135628635,92.96174837370866,703.592250270005
20241031,951,57,601,15,504,15.187032181318486,43.18773613468013,445.6252316840014
20241031,971,57,121,14,190,28.14910933675361,20.30214939477246,141.54874126847392
20241031,307,57,616,14,620,32.065783803474844,82.23382720619512,505.70038899033005
20241031,791,57,394,10,525,22.02381534334727,31.774197644423396,471.2019870122293
20241031,554,57,228,6,343,44.850712446155015,29.10021427659467,269.04907327725033
20241031,271,57,897,16,383,25.648035111626296,28.300794107255626,329.05117078111806
20241031,299,57,904,9,517,43.00674382576661,44.91258906658815,429.08066710764524
20241031,804,57,709,3,196,12.215090622077623,16.78922991806,166.99567945986237
20241031,269,57,349,19,125,14.979565718026707,8.60553329465657,101.41490098731671
20241031,920,57,299,4,804,84.70878530904436,59.27169442064324,660.0195202703123
20241031,173,57,201,14,108,3.0506841082327414,6.366381915873406,98.58293397589385
20241031,773,57,425,16,540,16.323908612569685,62.84404333368349,460.8320480537468
20241031,73,57,590,7,214,25.893197191499038,23.69078630551229,164.41601650298867
20241031,853,57,755,17,105,12.885082023403418,10.512558787818659,81.60235918877792
20241031,354,57,338,18,362,23.194184085334665,36.14268795194615,302.66312796271916
20241031,315,57,495,2,355,44.6263701924968,18.04860504094062,292.3250247665626
20241031,951,57,998,12,265,18.55814634971761,28.461488264590212,217.98036538569218
20241031,764,57,73,11,223,9.983219356431439,17.79778206921122,195.21899857435733
20241031,690,57,600,3,170,10.687237262579918,16.196156463236147,143.11660627418394
20241031,414,57,156,9,826,91.35072938090481,119.45782891576116,615.191441703334
20241031,500,57,638,17,945,96.63425110689285,93.04586278483653,755.3198861082706
20241031,484,57,42,16,560,76.77472132778767,45.19627075412322,438.0290079180891
20241031,430,57,133,16,729,89.8342823309105,42.40811450499007,596.7576031640995
20241031,532,57,486,15,914,19.816798842284133,72.26283203888819,821.9203691188277
20241031,123,57,471,11,331,13.03008005937538,31.901160629299497,286.06875931132515
20241031,354,57,290,7,931,76.26759630759805,114.40779657364128,740.3246071187607
20241031,408,57,131,19,408,57.65889164912197,34.15997461082957,316.1811337400485
20241031,469,57,450,10,928,58.81196996633225,100.42745635052826,768.7605736831395
20241031,193,57,220,10,875,83.78234240116785,46.62188978599753,744.5957678128347
20241031,924,57,440,16,504,30.282596296945048,35.33682908950054,438.3805746135544
20241031,119,57,885,1,925,31.661673230696046,62.060325059245464,831.2780017100584
20241031,945,57,140,6,800,19.702116261297423,52.44439904697031,727.8534846917323
20241031,512,57,601,15,521,32.01308728511312,50.11824834468372,438.8686643702032
20241031,736,57,797,8,294,41.17352639063891,32.84309671105989,219.9833768983012
20241031,89,57,390,4,109,15.235272860822045,9.04252593533333,84.72220120384463
20241031,669,57,409,16,219,29.189831912083548,26.0629854815537,163.74718260636274
20241031,630,57,103,18,451,12.308695417515876,58.656113901490066,380.03519068099405
20241031,573,57,447,15,721,101.48655604548905,38.65966067881074,580.8537832757002
20241031,872,57,807,3,235,25.325945487989202,24.152511732240168,185.52154277977064
20241031,868,57,187,17,281,27.990126171066535,17.289145652119302,235.72072817681416
20241031,706,57,835,17,545,36.41852326258746,56.54584062331781,452.0356361140947
20241031,805,57,516,15,361,23.05570798373035,51.21794048383848,286.7263515324312
20241031,590,57,198,3,901,29.36189380452175,54.08889989907165,817.5492062964066
20241031,822,57,352,12,136,19.578402405105848,17.24461640552722,99.17698118936693
20241031,123,57,349,8,688,19.690507568241973,36.698645015429314,631.6108474163287
20241031,984,57,201,3,873,111.83356248413486,57.41722100044939,703.7492165154158
20241031,859,57,60,1,228,6.984936664440238,27.66757565480248,193.3474876807573
20241031,250,57,924,5,767,38.0596032007024,63.244524111220265,665.6958726880773
20241031,946,57,57,12,332,41.799525353273715,36.9334687414045,253.26700590532178
20241031,587,57,396,8,603,62.638585149372524,64.32535328095597,476.0360615696715
20241031,265,57,185,15,975,94.16444154251808,107.38730536762947,773.4482530898524
20241031,922,57,289,14,301,34.521787913730726,25.270915953724067,241.2072961325452
20241031,354,57,430,12,198,7.080904383011087,12.130365233905932,178.788730383083
20241031,283,57,190,19,242,28.153206968246437,33.51069382975803,180.33609920199552
20241031,528,57,549,4,371,22.752712081940352,52.04391009445499,296.2033778236047
20241031,919,57,708,17,663,15.502571708406755,67.56851541708177,579.9289128745115
20241031,943,57,150,18,562,26.530233479877428,48.97859954397933,486.49116697614323
20241031,588,57,179,6,890,88.23252017042633,62.49192538486802,739.2755544447057
20241031,193,57,372,8,497,69.2086700850963,41.42424582641346,386.36708408849023
20241031,132,57,626,9,218,26.001102333316727,21.027243852745706,170.97165381393756
20241031,475,57,835,10,243,7.54211127975621,28.06656751662097,207.39132120362282
20241031,892,57,364,8,870,109.30038116153267,73.08156422204247,687.6180546164248
20241031,922,57,205,14,224,22.0014241449041,32.78304280674849,169.21553304834742
20241031,402,57,560,19,295,20.712054129657478,26.765863277768496,247.522082592574
20241031,263,57,690,6,986,102.41151459011844,102.70796913975069,780.8805162701309
20241031,637,57,590,19,270,38.80471258752953,20.84314109826816,210.35214631420232
20241031,376,57,109,2,194,18.60730705355375,23.919484960098252,151.473207986348
20241031,851,57,3,16,341,36.23168569274138,47.96246060951641,256.80585369774224
20241031,318,57,316,1,927,134.57658317547947,133.52127552520747,658.902141299313
20241031,694,57,851,13,131,18.04945658392969,13.649518796743642,99.30102461932667
20241031,697,57,253,10,446,29.662077928891456,48.34052152351723,367.9974005475913
20241031,532,57,822,10,213,4.294779729980583,18.411849725424,190.2933705445954
20241031,613,57,809,13,791,87.2022805917192,106.0588191686761,597.7389002396047
20241031,538,57,47,11,792,22.88930950363692,61.68142992038326,707.4292605759798
20241031,43,57,748,12,755,73.2210118879042,92.68712091842998,589.0918671936658
20241031,11,57,23,7,910,98.21298130085158,100.2323675455872,711.5546511535613
20241031,507,57,419,7,569,34.75794219595125,53.49920775088967,480.7428500531591
20241031,597,57,667,17,509,23.413513729141723,54.89777409941699,430.6887121714413
20241031,217,57,324,13,581,65.1388867648964,32.66879619062609,483.1923170444775
20241031,104,57,410,9,595,32.50185351377551,51.06804531307092,511.43010117315356
20241031,275,57,827,18,178,20.6527734436046,22.133111576598868,135.21411497979653
20241031,923,57,183,12,819,109.40756850054841,94.33855664521242,615.2538748542391
20241031,579,57,217,8,377,11.850234583774693,19.022528024528594,346.1272373916967
20241031,856,57,712,3,808,18.86844509940777,52.7150283689554,736.4165265316368
20241031,555,57,869,5,839,120.24451229304923,95.16900105996223,623.5864866469885
20241031,883,57,848,9,705,22.05108093752491,74.77634005260369,608.1725790098714
20241031,562,57,945,4,928,34.41470432230684,98.39021353847325,795.19508213922
20241031,294,57,996,19,958,46.22525628119352,98.02785240031638,813.74689131849
20241031,491,57,869,5,929,38.26488377472018,57.12553556418303,833.6095806610967
20241031,881,57,51,13,281,28.512274835921502,15.543498658896496,236.944226505182
20241031,390,57,563,15,946,102.00395373656414,138.85808617990375,705.1379600835321
20241031,327,57,161,7,329,43.000747794680215,45.75120981312938,240.2480423921904
20241031,896,57,372,4,711,44.55870053989753,79.82337240372158,586.617927056381
20241031,687,57,435,8,891,115.39828174944074,117.33363025473922,658.26808799582
20241031,910,57,479,19,424,43.84074328957427,45.28513416404029,334.8741225463855
20241031,295,57,886,11,555,75.26325272752085,74.79292223660144,404.9438250358777
20241031,747,57,290,18,473,48.32447746270274,49.99680805100371,374.67871448629353
20241031,31,57,291,17,646,36.00385122405515,83.50044946222464,526.4956993137203
20241031,68,57,210,14,214,22.785441375384465,24.246728878834823,166.9678297457807
20241031,701,57,297,1,625,48.80207387417712,62.74284298486876,513.4550831409541
20241031,27,57,668,17,758,15.993747971758351,61.67664148001558,680.3296105482261
20241031,422,57,977,7,746,108.36234536460486,53.36152109147242,584.2761335439227
20241031,364,57,732,16,595,32.39426193689009,31.685121673403327,530.9206163897065
20241031,910,57,607,4,355,38.61683962413998,22.2206816167286,294.16247875913143
20241031,935,57,484,15,842,114.56020122042496,87.05533497013471,640.3844638094404
20241031,432,57,184,4,960,38.58200389335642,100.51609297952918,820.9019031271143
20241031,197,57,115,15,920,87.93421354353359,65.7961337694706,766.2696526869959
20241031,206,57,737,19,611,14.55089706488951,62.577168342140865,533.8719345929696
20241031,219,57,984,11,615,34.501808269452454,39.65452142489029,540.8436703056573
20241031,205,57,760,14,305,32.66485755953398,30.672861209076082,241.66228123138995
20241031,574,57,409,20,720,59.68014789548043,74.64504630060941,585.6748058039102
20241031,750,57,896,19,971,133.45132884092126,101.48849352661578,736.0601776324629
20241031,682,57,695,20,345,25.530194400049098,29.95703344359291,289.512772156358
20241031,231,57,886,5,600,14.679645711803843,38.3971464630045,546.9232078251916
20241031,223,57,128,4,1000,90.34861057865204,70.59548936988162,839.0559000514663
20241031,146,57,415,12,624,23.198709220764922,74.63028799497835,526.1710027842568
20241031,261,57,359,9,295,20.570246708944282,27.369560556793967,247.06019273426176
20241031,380,57,789,16,804,41.73115762843839,105.67449506129097,656.5943473102707
20241031,713,57,649,3,226,19.508911745726184,15.99959464092604,190.49149361334779
20241031,619,57,570,3,825,29.554087439534914,77.80988987940145,717.6360226810637
20241031,742,57,902,2,113,13.007372559534845,16.646795644361955,83.3458317961032
20241031,417,57,193,15,153,16.938225178367237,17.414113963184903,118.64766085844786
20241031,699,57,520,14,851,17.03823142686881,64.63732132616056,769.3244472469706
20241031,609,57,183,17,403,45.966593763135414,57.08821636540535,299.9451898714592
20241031,122,57,631,9,730,15.817978354150622,102.40575124371381,611.7762704021355
20241031,91,57,240,17,738,87.86790519569327,66.87446729301419,583.2576275112925
20241031,527,57,11,19,498,31.225975685596058,32.193774733735935,434.580249580668
20241031,183,57,699,7,915,63.244421291600744,124.65178196084165,727.1037967475577
20241031,27,57,920,6,399,48.55904696435726,39.26081977914479,311.1801332564979
20241031,445,57,411,3,920,87.5335788131288,72.65673097014498,759.8096902167263
20241031,548,57,889,13,880,56.59218893568878,55.41022682350702,767.9975842408041
20241031,833,57,174,17,849,98.57410013187102,64.44392339320895,685.98197647492
20241031,694,57,165,6,699,42.482042342141284,79.52439906972675,576.9935585881319
20241031,142,57,319,5,588,19.025520561039418,49.16023135621945,519.8142480827412
20241031,195,57,891,7,352,40.73998931685524,45.09187621996986,266.1681344631749
20241031,944,57,405,4,207,11.904880156775524,13.55611337735622,181.53900646586825
20241031,372,57,233,14,419,41.31175058537804,44.404244008632496,333.28400540598943
20241031,51,57,840,17,598,70.78440553407326,40.87814039361228,486.3374540723145
20241031,247,57,22,11,968,36.449307357530124,117.11408045436113,814.4366121881087
20241031,119,57,269,5,675,77.2200305218901,82.49218424635154,515.2877852317583
20241031,832,57,321,19,307,24.52902071229321,20.513845678637914,261.9571336090689
20241031,8,57,36,19,707,79.64723685966287,65.47947022246699,561.8732929178701
20241031,689,57,532,17,189,27.82997229496863,13.405641526163159,147.76438617886822
20241031,418,57,152,15,454,63.084183776566356,45.9718785642071,344.94393765922655
20241031,551,57,162,4,566,15.75635777602978,74.55802454051252,475.68561768345774
20241031,999,57,940,15,702,57.259592368426254,58.20599992455282,586.5344077070209
20241031,44,57,538,19,916,102.08980117911376,82.19442577319028,731.715773047696
20241031,935,57,141,18,366,43.04008012117619,48.81241707918468,274.14750279963914
20241031,951,57,768,12,974,134.0552487671815,125.27577661718396,714.6689746156345
20241031,175,57,614,1,266,30.776102961084465,25.556390008348593,209.66750703056692
20241031,403,57,425,20,292,42.18279302881107,38.70741352868384,211.1097934425051
20241031,920,57,841,20,338,12.25393794025554,42.69195489976047,283.05410715998397
20241031,882,57,825,10,611,69.34743444294672,84.98836840266584,456.66419715438747
20241031,672,57,979,13,913,61.59889482960563,130.70436059821824,720.6967445721762
20241031,188,57,646,7,105,6.345616563214914,12.326161044879198,86.32822239190588
20241031,106,57,89,1,313,24.32327383521779,33.22963856379922,255.447087600983
20241031,120,57,614,11,615,66.37020101304233,85.57538532313681,463.05441366382087
20241031,180,57,150,9,845,106.44160227941204,79.08027016997268,659.4781275506152
20241031,836,57,723,17,236,24.019620338548364,13.426726299370374,198.55365336208126
20241031,970,57,952,13,501,36.139618669967014,41.951742657679546,422.90863867235345
20241031,211,57,996,6,418,38.64634728258033,50.062246302253264,329.2914064151664
20241031,812,57,56,7,264,17.404407510610337,24.677135135926665,221.918457353463
20241031,402,57,196,4,201,7.553333256855855,12.907659492187092,180.53900725095704
20241031,393,57,768,11,700,103.84134716882184,56.22887047367563,539.9297823575025
20241031,513,57,441,3,651,61.65305047598913,50.71334270337547,538.6336068206354
20241031,860,57,943,17,426,45.42579975003438,60.76757656589693,319.80662368406865
20241031,354,57,242,11,579,69.09110136571323,80.63759358730641,429.2713050469804
20241031,817,57,112,8,1000,20.399340631572173,115.82145244174725,863.7792069266806
20241031,11,57,633,13,918,84.15308284343453,56.92155676247596,776.9253603940895
20241031,222,57,111,6,707,78.8306191148236,88.71316559641262,539.4562152887638
20241031,731,57,491,14,861,128.4296187398604,54.530608947291356,678.0397723128483
20241031,715,57,471,7,680,60.06650704050624,55.61635089886506,564.3171420606287
20241031,680,57,53,13,242,27.334308377690654,15.96280830044515,198.7028833218642
20241031,895,57,423,9,238,13.693778153881947,26.030657182345795,198.27556466377226
20241031,833,57,956,18,661,54.973185409643044,74.61352968883322,531.4132849015238
20241031,663,57,682,3,682,16.957996159536997,82.94452677724863,582.0974770632143
20241031,402,57,681,4,172,7.745000958216561,12.789421715748139,151.46557732603532
